﻿Authors,Author(s) ID,Title,Year,Source title,Volume,Issue,Art. No.,Page start,Page end,Page count,Cited by,DOI,Link,Document Type,Publication Stage,Open Access,Source,EID
"Chang, T.-S.","8832869500;","Evaluation of an artificial intelligence project in the software industry based on fuzzy analytic hierarchy process and complex adaptive systems",2023,"Journal of Enterprise Information Management","36","4",,"879","905",,,"10.1108/JEIM-02-2022-0056","https://www.scopus.com/inward/record.uri?eid=2-s2.0-85154567408&doi=10.1108%2fJEIM-02-2022-0056&partnerID=40&md5=7240198289315dd2398f1ee2ca1857c9",Article,"Final","",Scopus,2-s2.0-85154567408
"Mirriam, A.J., Rajashree, S., Muneera, M.N., Saranya, V., Murali, E.","57879612500;58326320900;57195600647;57496803000;57205491066;","Approaches to Overcome Human Limitations by an Intelligent Autonomous System with a Level of Consciousness in Reasoning, Decision Making and Problem-Solving Capabilities",2023,"Communications in Computer and Information Science","1749 CCIS",,,"505","516",,,"10.1007/978-3-031-25088-0_45","https://www.scopus.com/inward/record.uri?eid=2-s2.0-85151147927&doi=10.1007%2f978-3-031-25088-0_45&partnerID=40&md5=de4bb7350f634c979513c7c45f07f50b",Conference Paper,"Final","",Scopus,2-s2.0-85151147927
"Pereira, J.D., Ribeiro, J.D., Pires, J., Moita, P., Laranjeiro, N., Vieira, M.","57215674631;58082131400;58081784800;58082131500;22980190100;7202140748;","On the use of the TMA Framework to promote self-adaptation capabilities in TalkConnect",2022,"ACM International Conference Proceeding Series",,,,"89","90",,,"10.1145/3569902.3569953","https://www.scopus.com/inward/record.uri?eid=2-s2.0-85147030425&doi=10.1145%2f3569902.3569953&partnerID=40&md5=6e2cc6d9a8aa7df14226e5f4e8e5cc68",Conference Paper,"Final","",Scopus,2-s2.0-85147030425
[No author name available],[No author id available],"Proceedings - 2022 IEEE International Conference on Autonomic Computing and Self-Organizing Systems Companion, ACSOS-C 2022",2022,"Proceedings - 2022 IEEE International Conference on Autonomic Computing and Self-Organizing Systems Companion, ACSOS-C 2022",,,,"","",174,,,"https://www.scopus.com/inward/record.uri?eid=2-s2.0-85143070036&partnerID=40&md5=350e081a3906d81e3733ddac04455a39",Conference Review,"Final","",Scopus,2-s2.0-85143070036
"Bombarda, A., Bonfanti, S., De Sanctis, M., Gargantini, A., Pelliccionet, P., Riccobene, E., Scandurra, P.","57212010133;56901160800;56358489900;55897877400;57987531600;55897399200;55912922200;","Towards an Evaluation Framework for Autonomous Systems",2022,"Proceedings - 2022 IEEE International Conference on Autonomic Computing and Self-Organizing Systems Companion, ACSOS-C 2022",,,,"43","48",,,"10.1109/ACSOSC56246.2022.00025","https://www.scopus.com/inward/record.uri?eid=2-s2.0-85143066600&doi=10.1109%2fACSOSC56246.2022.00025&partnerID=40&md5=207c1dbb923ba17bfd15e53dcced335e",Conference Paper,"Final","",Scopus,2-s2.0-85143066600
"Dong, Y., Zhao, X., Huang, X.","57223978511;57189048318;55445367700;","Dependability Analysis of Deep Reinforcement Learning based Robotics and Autonomous Systems through Probabilistic Model Checking",2022,"IEEE International Conference on Intelligent Robots and Systems","2022-October",,,"5171","5178",,1,"10.1109/IROS47612.2022.9981794","https://www.scopus.com/inward/record.uri?eid=2-s2.0-85140851485&doi=10.1109%2fIROS47612.2022.9981794&partnerID=40&md5=8893d3d0f9e8f368923a9224bfe065cd",Conference Paper,"Final","All Open Access, Green",Scopus,2-s2.0-85140851485
"Al-Tahir, I., Sensinger, J., Scheme, E.","57219886376;14034580900;57202922022;","A Better Framework for the Assessment of Performance and Stability of Co-Adaptive Myoelectric Systems",2022,"IEEE International Conference on Rehabilitation Robotics","2022-July",,,"","",,,"10.1109/ICORR55369.2022.9896541","https://www.scopus.com/inward/record.uri?eid=2-s2.0-85138861377&doi=10.1109%2fICORR55369.2022.9896541&partnerID=40&md5=f377c478603c55c268c8053c47cbe797",Conference Paper,"Final","",Scopus,2-s2.0-85138861377
"Rudenko, A., Palmieri, L., Huang, W., Lilienthal, A.J., Arras, K.O.","57192267970;56423345100;57818562400;15623407200;6701603183;","The Atlas Benchmark: an Automated Evaluation Framework for Human Motion Prediction",2022,"RO-MAN 2022 - 31st IEEE International Conference on Robot and Human Interactive Communication: Social, Asocial, and Antisocial Robots",,,,"636","643",,,"10.1109/RO-MAN53752.2022.9900656","https://www.scopus.com/inward/record.uri?eid=2-s2.0-85138517567&doi=10.1109%2fRO-MAN53752.2022.9900656&partnerID=40&md5=36fdac6df799d9a846d5b2a3521d6190",Conference Paper,"Final","All Open Access, Green",Scopus,2-s2.0-85138517567
"Mundt, P., Kumara, I., Van Den Heuvel, W.-J., Tamburri, D.A., Andreou, A.S.","57204052961;36662316400;7005472245;35488974800;7005074421;","KnowGo: An Adaptive Learning-Based Multi-model Framework for Dynamic Automotive Risk Assessment",2022,"Lecture Notes in Business Information Processing","453 LNBIP",,,"268","278",,1,"10.1007/978-3-031-11510-3_18","https://www.scopus.com/inward/record.uri?eid=2-s2.0-85135844149&doi=10.1007%2f978-3-031-11510-3_18&partnerID=40&md5=ef4cae13878f4bcda0dacd7624e2a60d",Conference Paper,"Final","All Open Access, Green",Scopus,2-s2.0-85135844149
"Hwang, G.J., Katre, A., Hart, K.M., Rea, C.A.","57768246700;57787034900;57786733400;57786733500;","Analysis techniques of autonomy framework metrics for autonomous Developers",2022,"Proceedings of SPIE - The International Society for Optical Engineering","12115",,"121150F","","",,,"10.1117/12.2623376","https://www.scopus.com/inward/record.uri?eid=2-s2.0-85133614161&doi=10.1117%2f12.2623376&partnerID=40&md5=ab87d8041ecd4691b8fddb6a734e6dc9",Conference Paper,"Final","",Scopus,2-s2.0-85133614161
"Goller, M., Tomforde, S.","57215971711;24482123700;","Runtime Assessment of the Parameter Utilisation in Adaptive Systems",2022,"2022 IEEE International Conference on Pervasive Computing and Communications Workshops and other Affiliated Events, PerCom Workshops 2022",,,,"200","205",,1,"10.1109/PerComWorkshops53856.2022.9767230","https://www.scopus.com/inward/record.uri?eid=2-s2.0-85130624772&doi=10.1109%2fPerComWorkshops53856.2022.9767230&partnerID=40&md5=1f229d4aedbe04167d68b516fe24ba5b",Conference Paper,"Final","",Scopus,2-s2.0-85130624772
"Dalpe, A.J., Thein, M.-W.L., Renken, M.","57202394972;24067820500;57206658314;","PERFORM: A metric for evaluating autonomous system performance in marine testbed environments using interval type-2 fuzzy logic",2021,"Applied Sciences (Switzerland)","11","24","11940","","",,1,"10.3390/app112411940","https://www.scopus.com/inward/record.uri?eid=2-s2.0-85121286302&doi=10.3390%2fapp112411940&partnerID=40&md5=7ab88c64aa31f605e4ed57d1c4c498e2",Article,"Final","All Open Access, Gold, Green",Scopus,2-s2.0-85121286302
"Hartsell, C., Ramakrishna, S., Dubey, A., Stojcsics, D., Mahadevan, N., Karsai, G.","57200422544;57208883134;57198233972;36447694600;8605133400;7003760771;","ReSonAte: A Runtime Risk Assessment Framework for Autonomous Systems",2021,"Proceedings - 2021 International Symposium on Software Engineering for Adaptive and Self-Managing Systems, SEAMS 2021",,,"9462019","118","129",,6,"10.1109/SEAMS51251.2021.00025","https://www.scopus.com/inward/record.uri?eid=2-s2.0-85113439338&doi=10.1109%2fSEAMS51251.2021.00025&partnerID=40&md5=e461d66114ea04d68c5d3d957150c27e",Conference Paper,"Final","All Open Access, Green",Scopus,2-s2.0-85113439338
"Steffens, C.R., Messias, L.R.V., Drews-Jr, P.J.L., Botelho, S.S.C.","57188970646;57212484702;57202862578;7003517099;","On Robustness of Robotic and Autonomous Systems Perception: An Assessment of Image Distortion on State-of-the-art Robotic Vision Model",2021,"Journal of Intelligent and Robotic Systems: Theory and Applications","101","3","61","","",,1,"10.1007/s10846-021-01334-0","https://www.scopus.com/inward/record.uri?eid=2-s2.0-85102088063&doi=10.1007%2fs10846-021-01334-0&partnerID=40&md5=e648abcab0744498d86d1f7cdf565edb",Article,"Final","",Scopus,2-s2.0-85102088063
"Tomforde, S., Goller, M.","24482123700;57215971711;","Beyond Homeostasis: A Novel Approach for Assessing the Stability and Coherence of Self-Adaptive Systems",2021,"Proceedings - 2021 IEEE International Conference on Dependable, Autonomic and Secure Computing, International Conference on Pervasive Intelligence and Computing, International Conference on Cloud and Big Data Computing and International Conference on Cyber Science and Technology Congress, DASC/PiCom/CBDCom/CyberSciTech 2021",,,,"10","17",,2,"10.1109/DASC-PICom-CBDCom-CyberSciTech52372.2021.00018","https://www.scopus.com/inward/record.uri?eid=2-s2.0-85127543375&doi=10.1109%2fDASC-PICom-CBDCom-CyberSciTech52372.2021.00018&partnerID=40&md5=ec044b015f73bbc4a8a3ed8a031bc888",Conference Paper,"Final","",Scopus,2-s2.0-85127543375
"Shimizu, K., Suzuki, D., Muramatsu, R., Mori, H., Nagatsuka, T., Matsumoto, T.","35396487100;57198112990;57222872009;57222864674;55258391200;7407963117;","Evaluation Framework for Performance Limitation of Autonomous Systems Under Sensor Attack",2021,"Lecture Notes in Computer Science (including subseries Lecture Notes in Artificial Intelligence and Lecture Notes in Bioinformatics)","12852 LNCS",,,"67","81",,,"10.1007/978-3-030-83903-1_1","https://www.scopus.com/inward/record.uri?eid=2-s2.0-85115176224&doi=10.1007%2f978-3-030-83903-1_1&partnerID=40&md5=316ed48708918d74b06f6652d21b8597",Conference Paper,"Final","All Open Access, Green",Scopus,2-s2.0-85115176224
"Vuorimaa, V., Heikkilä, E., Karvonen, H., Koskinen, K., Laitinen, J.","57218700199;57204956965;23995521900;7004112203;57201358976;","Factors affecting the organizational readiness to design autonomous machine systems: Towards an evaluation framework",2021,"Advances in Intelligent Systems and Computing","1252 AISC",,,"742","747",,,"10.1007/978-3-030-55190-2_62","https://www.scopus.com/inward/record.uri?eid=2-s2.0-85090099651&doi=10.1007%2f978-3-030-55190-2_62&partnerID=40&md5=f2d2817bfd2247f226085371d26b8b50",Conference Paper,"Final","",Scopus,2-s2.0-85090099651
"Kosmides, P., Demestichas, K., Avgerinakis, K., Trouva, E., Bianchi, S., Barisone, A., Risvas, K., Moustakas, K., Rodak, A., Kruszewski, M., Pedzierska, M.","44861416200;15126722600;36695873500;42762187000;57221648064;57221641194;57216939027;6507331953;57221644807;56644414000;57200189692;","Bringing trust to autonomous mobility",2020,"2020 AEIT International Conference of Electrical and Electronic Technologies for Automotive, AEIT AUTOMOTIVE 2020",,,"9307432","","",,3,,"https://www.scopus.com/inward/record.uri?eid=2-s2.0-85099704412&partnerID=40&md5=b0332e294adf3f9ee8da316251f5e7bb",Conference Paper,"Final","",Scopus,2-s2.0-85099704412
"Weibelzahl, S., Paramythis, A., Masthoff, J.","23092518800;55920047500;6602930133;","Evaluation of Adaptive Systems",2020,"UMAP 2020 - Proceedings of the 28th ACM Conference on User Modeling, Adaptation and Personalization",,,,"394","395",,7,"10.1145/3340631.3398668","https://www.scopus.com/inward/record.uri?eid=2-s2.0-85089342802&doi=10.1145%2f3340631.3398668&partnerID=40&md5=885952e12c59080f21c9f38515486097",Conference Paper,"Final","All Open Access, Green",Scopus,2-s2.0-85089342802
"Ulhaq, A.","57191592708;","The Role of Information Fusion in Transfer Learning of Obscure Human Activities during Night",2020,"Journal of Advances in Information Fusion","15","1",,"49","56",,,,"https://www.scopus.com/inward/record.uri?eid=2-s2.0-85128967929&partnerID=40&md5=8486ea36f7ecaee25b9892ca6ae793d9",Article,"Final","",Scopus,2-s2.0-85128967929
[No author name available],[No author id available],"9th Computer Science On-line Conference, CSOC 2020",2020,"Advances in Intelligent Systems and Computing","1225 AISC",,,"","",1901,,,"https://www.scopus.com/inward/record.uri?eid=2-s2.0-85089752741&partnerID=40&md5=889aca4a143c24fb71cf812d270e5e64",Conference Review,"Final","",Scopus,2-s2.0-85089752741
"Gillespie-Marthaler, L., Nelson, K.S., Baroud, H., Kosson, D.S., Abkowitz, M.","57209776683;56704246000;55974499500;7006240345;55950901100;","An integrative approach to conceptualizing sustainable resilience",2019,"Sustainable and Resilient Infrastructure","4","2",,"66","81",,16,"10.1080/23789689.2018.1497880","https://www.scopus.com/inward/record.uri?eid=2-s2.0-85082067696&doi=10.1080%2f23789689.2018.1497880&partnerID=40&md5=76c0ff6f522364b912fd6f6f4bba5cef",Article,"Final","",Scopus,2-s2.0-85082067696
"O’Kelly, M., Zheng, H., Karthik, D., Mangharam, R.","56718655300;57219443802;58328588600;6507553905;","F1TENTH: An Open-source Evaluation Environment for Continuous Control and Reinforcement Learning",2019,"Proceedings of Machine Learning Research","123",,,"77","89",,25,,"https://www.scopus.com/inward/record.uri?eid=2-s2.0-85162248207&partnerID=40&md5=a31336548e011b821524351e70e32e27",Conference Paper,"Final","",Scopus,2-s2.0-85162248207
"Diaconeasa, M.A., Mosleh, A., Morozov, A., Tai, A.T.","57202309631;57204083379;57195572585;7102933515;","Model-based resilience assessment framework for autonomous systems",2019,"ASME International Mechanical Engineering Congress and Exposition, Proceedings (IMECE)","13",,,"","",,4,"10.1115/IMECE2019-12288","https://www.scopus.com/inward/record.uri?eid=2-s2.0-85078694886&doi=10.1115%2fIMECE2019-12288&partnerID=40&md5=094c9b0dc3f4ae4901d768850d9e530a",Conference Paper,"Final","",Scopus,2-s2.0-85078694886
"Smith, K.T., Coventry, L., GreenSmith, R.","57198916085;6505821148;57205401828;","An initial generic assessment framework for the consideration of risk in the implementation of autonomous systems",2019,"IFIP Advances in Information and Communication Technology","544",,,"186","199",,,"10.1007/978-3-030-05297-3_13","https://www.scopus.com/inward/record.uri?eid=2-s2.0-85059908779&doi=10.1007%2f978-3-030-05297-3_13&partnerID=40&md5=0dfad48f952c8e9566410390c6ed2f44",Conference Paper,"Final","All Open Access, Green",Scopus,2-s2.0-85059908779
[No author name available],[No author id available],"5th IFIP WG 13.6 Working Conference on Human Work Interaction Design, HWID 2018",2019,"IFIP Advances in Information and Communication Technology","544",,,"","",293,,,"https://www.scopus.com/inward/record.uri?eid=2-s2.0-85059901950&partnerID=40&md5=585bd098d26735050cf6a7d85f204e94",Conference Review,"Final","",Scopus,2-s2.0-85059901950
"Pan, W., Cheng, G.","54389894300;7401862789;","QoE Assessment of Encrypted YouTube Adaptive Streaming for Energy Saving in Smart Cities",2018,"IEEE Access","6",,,"25142","25156",,20,"10.1109/ACCESS.2018.2811416","https://www.scopus.com/inward/record.uri?eid=2-s2.0-85043459636&doi=10.1109%2fACCESS.2018.2811416&partnerID=40&md5=65efcae846a10d1b03e7a3ab4e4e642a",Article,"Final","All Open Access, Gold",Scopus,2-s2.0-85043459636
"Le, A., Maple, C., Watson, T.","54929052100;6603067743;55085112100;","A profile-driven dynamic risk assessment framework for connected and autonomous vehicles",2018,"IET Conference Publications","2018","CP740",,"","",,4,"10.1049/cp.2018.0020","https://www.scopus.com/inward/record.uri?eid=2-s2.0-85048427295&doi=10.1049%2fcp.2018.0020&partnerID=40&md5=e55be747734c26a2a77f44c345920a15",Conference Paper,"Final","All Open Access, Green",Scopus,2-s2.0-85048427295
"Fazlollahtabar, H., Niaki, S.T.A.","26032532700;57193316997;","Binary State Reliability Computation for a Complex System Based on Extended Bernoulli Trials: Multiple Autonomous Robots",2017,"Quality and Reliability Engineering International","33","8",,"1709","1718",,3,"10.1002/qre.2137","https://www.scopus.com/inward/record.uri?eid=2-s2.0-85011691072&doi=10.1002%2fqre.2137&partnerID=40&md5=5cc5dded54ee2be2b728a6e25f712687",Article,"Final","",Scopus,2-s2.0-85011691072
"Augstein, M., Neumayr, T.","55437270700;12752516200;","Layered evaluation of a personalized interaction approach",2017,"UMAP 2017 - Adjunct Publication of the 25th Conference on User Modeling, Adaptation and Personalization",,,,"173","178",,2,"10.1145/3099023.3099043","https://www.scopus.com/inward/record.uri?eid=2-s2.0-85026887453&doi=10.1145%2f3099023.3099043&partnerID=40&md5=4cc200337a8fa4189092d3d8b0155d95",Conference Paper,"Final","",Scopus,2-s2.0-85026887453
"Liu, C., Dobson, J., Cawley, P.","56200751000;56294076600;55788105900;","Efficient generation of receiver operating characteristics for the evaluation of damage detection in practical structural health monitoring applications",2017,"Proceedings of the Royal Society A: Mathematical, Physical and Engineering Sciences","473","2199","20160736","","",,45,"10.1098/rspa.2016.0736","https://www.scopus.com/inward/record.uri?eid=2-s2.0-85017609065&doi=10.1098%2frspa.2016.0736&partnerID=40&md5=ac11996e1133f657f8307245bd5d7f3f",Article,"Final","All Open Access, Hybrid Gold, Green",Scopus,2-s2.0-85017609065
[No author name available],[No author id available],"2016 IEEE Conference on Communications and Network Security, CNS 2016",2017,"2016 IEEE Conference on Communications and Network Security, CNS 2016",,,,"","",671,,,"https://www.scopus.com/inward/record.uri?eid=2-s2.0-85015998975&partnerID=40&md5=0514abfd7a5ff6cfa833fd62f236fc92",Conference Review,"Final","",Scopus,2-s2.0-85015998975
"Feth, P., Schneider, D., Adler, R.","57191906782;56220453800;22733254900;","A conceptual safety supervisor definition and evaluation framework for autonomous Systems",2017,"Lecture Notes in Computer Science (including subseries Lecture Notes in Artificial Intelligence and Lecture Notes in Bioinformatics)","10488 LNCS",,,"135","148",,14,"10.1007/978-3-319-66266-4_9","https://www.scopus.com/inward/record.uri?eid=2-s2.0-85029457317&doi=10.1007%2f978-3-319-66266-4_9&partnerID=40&md5=8d41a294e500353059dae975229f00b6",Conference Paper,"Final","",Scopus,2-s2.0-85029457317
[No author name available],[No author id available],"36th International Conference on Computer Safety, Reliability, and Security, SAFECOMP 2017",2017,"Lecture Notes in Computer Science (including subseries Lecture Notes in Artificial Intelligence and Lecture Notes in Bioinformatics)","10488 LNCS",,,"1","342",,,,"https://www.scopus.com/inward/record.uri?eid=2-s2.0-85029454663&partnerID=40&md5=28bc737ec3b0b8f3b5b36eb287a07219",Conference Review,"Final","",Scopus,2-s2.0-85029454663
"Nous, C., Meertens, R., De Wagter, C., De Croon, G.","57192432907;56458181900;7004233067;57197764997;","Performance evaluation in obstacle avoidance",2016,"IEEE International Conference on Intelligent Robots and Systems","2016-November",,"7759532","3614","3619",,4,"10.1109/IROS.2016.7759532","https://www.scopus.com/inward/record.uri?eid=2-s2.0-85006493351&doi=10.1109%2fIROS.2016.7759532&partnerID=40&md5=e25b8ed0a989ee9882370acfd6b2f466",Conference Paper,"Final","",Scopus,2-s2.0-85006493351
"Ilmola, L.","8664493700;","Approaches to Measurement of Urban Resilience",2016,"Advanced Sciences and Technologies for Security Applications",,,,"207","237",,15,"10.1007/978-3-319-39812-9_11","https://www.scopus.com/inward/record.uri?eid=2-s2.0-85061998830&doi=10.1007%2f978-3-319-39812-9_11&partnerID=40&md5=d276889924592b25ea576b4c80ec1421",Book Chapter,"Final","",Scopus,2-s2.0-85061998830
"Gavriushenko, M., Karilainen, L., Kankaanranta, M.","56572764500;57163764000;36543825900;","Adaptive systems as enablers of feedback in English language learning game-based environments",2015,"Proceedings - Frontiers in Education Conference, FIE","2015",,"7344107","","",,10,"10.1109/FIE.2015.7344107","https://www.scopus.com/inward/record.uri?eid=2-s2.0-84960433841&doi=10.1109%2fFIE.2015.7344107&partnerID=40&md5=c8346650c37e7784ef06b8521d433e4d",Conference Paper,"Final","",Scopus,2-s2.0-84960433841
"Manouselis, N., Karagiannidis, C., Sampson, D.G.","55890855500;6601979839;36158903400;","Layered evaluation for data discovery and recommendation systems: An initial set of principles",2014,"Proceedings - IEEE 14th International Conference on Advanced Learning Technologies, ICALT 2014",,,"6901527","518","519",,7,"10.1109/ICALT.2014.152","https://www.scopus.com/inward/record.uri?eid=2-s2.0-84910069393&doi=10.1109%2fICALT.2014.152&partnerID=40&md5=9a877d6714bc3053918f2d3b74835e37",Conference Paper,"Final","",Scopus,2-s2.0-84910069393
"Manouselis, N., Karagiannidis, C., Sampson, D.G.","55890855500;6601979839;36158903400;","Layered evaluation in recommender systems: A retrospective assessment",2014,"Journal of E-Learning and Knowledge Society","10","1",,"11","31",,4,,"https://www.scopus.com/inward/record.uri?eid=2-s2.0-84893142837&partnerID=40&md5=e393c98e229011075bb71f9ae5a5482e",Article,"Final","",Scopus,2-s2.0-84893142837
[No author name available],[No author id available],"6th International Symposium on Leveraging Applications of Formal Methods, Verification and Validation, ISoLA 2014",2014,"Lecture Notes in Computer Science (including subseries Lecture Notes in Artificial Intelligence and Lecture Notes in Bioinformatics)","8803",,,"1","642",,,,"https://www.scopus.com/inward/record.uri?eid=2-s2.0-84920546273&partnerID=40&md5=878f30c83cca9571e8484982b5fe988c",Conference Review,"Final","",Scopus,2-s2.0-84920546273
"Rasekh, A., Shafiee, M.E., Zechman, E., Brumbelow, K.","26040962000;36188902500;6506331398;15622900300;","Sociotechnical risk assessment for water distribution system contamination threats",2014,"Journal of Hydroinformatics","16","3",,"531","549",,14,"10.2166/hydro.2013.023","https://www.scopus.com/inward/record.uri?eid=2-s2.0-84901020813&doi=10.2166%2fhydro.2013.023&partnerID=40&md5=f7c5ced0e45fc6b04052a36fab14769d",Article,"Final","All Open Access, Bronze, Green",Scopus,2-s2.0-84901020813
"Geihs, K.","6701721921;","Self-adaptivity from different application perspectives: Requirements, realizations, reflections",2013,"Lecture Notes in Computer Science (including subseries Lecture Notes in Artificial Intelligence and Lecture Notes in Bioinformatics)","7475 LNCS",,,"376","392",,4,"10.1007/978-3-642-35813-5_15","https://www.scopus.com/inward/record.uri?eid=2-s2.0-84883578698&doi=10.1007%2f978-3-642-35813-5_15&partnerID=40&md5=f56d202c83488df0e0e75e3a55510e95",Conference Paper,"Final","",Scopus,2-s2.0-84883578698
[No author name available],[No author id available],"QoSA 2013 - Proceedings of the 9th International ACM Sigsoft Conference on the Quality of Software Architectures",2013,"QoSA 2013 - Proceedings of the 9th International ACM Sigsoft Conference on the Quality of Software Architectures",,,,"","",176,,,"https://www.scopus.com/inward/record.uri?eid=2-s2.0-84880555981&partnerID=40&md5=cafee5a4d805697cfc1aecf164eff986",Conference Review,"Final","",Scopus,2-s2.0-84880555981
"Perez, T., Williams, B., de Lamberterie, P.","7103235603;55744560200;49961180100;","Evaluation Of robust autonomy and implications on UAS certification and design",2012,"28th Congress of the International Council of the Aeronautical Sciences 2012, ICAS 2012","6",,,"4638","4646",,6,,"https://www.scopus.com/inward/record.uri?eid=2-s2.0-84879025142&partnerID=40&md5=5a4af77274cd0fa9786fe8b825d57c40",Conference Paper,"Final","",Scopus,2-s2.0-84879025142
"Ahmad, M.Z., Guha, R.","55220057300;7003816340;","A tale of nine Internet exchange points: Studying path latencies through major regional IXPs",2012,"Proceedings - Conference on Local Computer Networks, LCN",,,"6423683","618","625",,5,"10.1109/LCN.2012.6423683","https://www.scopus.com/inward/record.uri?eid=2-s2.0-84874309187&doi=10.1109%2fLCN.2012.6423683&partnerID=40&md5=a7293128ece7036fe732543987184226",Conference Paper,"Final","",Scopus,2-s2.0-84874309187
"Ahmad, M.Z., Guha, R.","55220057300;7003816340;","Analysing global triangle inequality violations due to Internet eXchange Points for future overlay networks",2012,"Proceedings - Conference on Local Computer Networks, LCN",,,"6424046","1078","1085",,,"10.1109/LCNW.2012.6424046","https://www.scopus.com/inward/record.uri?eid=2-s2.0-84874304510&doi=10.1109%2fLCNW.2012.6424046&partnerID=40&md5=64214fcff38ef36411022dd9f180b936",Conference Paper,"Final","",Scopus,2-s2.0-84874304510
